method,FDR,FAR
JMSDL,0.36133333333333334,0.006666666666666667
mPCA,1.0,0.017333333333333333
DL,0.9986666666666667,0.014666666666666666
LCDL,0.776,0.008
ODL,0.35333333333333333,0.004
